<?xml version="1.0" encoding="UTF-8"?>
<panorama appversion="7.0" apprev="19876" id="node1">
  <input levelingpitch="0" leveltilesize="510" leveltileurl="tiles/node1/cf_%c/l_%l/c_%x/tile_%y.jpg" width="1824" levelbias="0.400" levelbiashidpi="1.000" levelingroll="0" height="1824" overlap="1">
    <level width="1824" preload="0" height="1824" predecode="0"/>
    <level width="912" preload="0" height="912" predecode="0"/>
    <level width="456" preload="1" height="456" predecode="1"/>
    <preview color="0x808080" strip="1"/>
  </input>
  <view fovmode="2" pannorth="0">
    <start tilt="0" pan="0" fov="100" projection="4"/>
    <flyin tilt="-90" pan="0" fov="170" projection="9"/>
    <min fovpixel="2" tilt="-90" pan="0"/>
    <max fovstereographic="330" fovfisheye="360" scaletofit="1" tilt="90" pan="360" fov="140"/>
  </view>
  <userdata longitude="" nodeid="node1" datetime="" comment="" heading="0" info="" tags="002   DECEMBER Notes" latitude="" copyright="" source="" author="" customnodeid="" title="" description=""/>
  <hotspots width="180" wordwrap="1" height="20" smoothmovement="1">
    <label bordercolor="0x000000" textalpha="1" width="180" border="1" textcolor="0x000000" backgroundcolor="0xffffff" background="1" borderalpha="1" backgroundalpha="1" wordwrap="1" enabled="1" height="20" borderradius="1"/>
    <polystyle backgroundalpha="0.25098" bordercolor="0x0000ff" backgroundcolor="0x0000ff" handcursor="1" borderalpha="1" mode="0"/>
    <polyhotspot target="$fwd" title="tour node on tree" url="{node1}" id="Poly01" description="tour node on tree practice lang">
      <polystring>-241.15/2.71|-245.55/-14.52|-255.28/16.26|-267.95/13.88|-272.53/4.68|-274.84/-8.64|-271.82/-15.25|-269.02/-17.26|-249.59/11.65|-264.71/-11.02|-249.2/-13.26|-252.99/14.57|-247.23/10.12|-243.21/6.28</polystring>
    </polyhotspot>
    <hotspot description="nose of the statue" url="" target="" tilt="26.11" skinid="ht_info" pan="-288.96" id="Point01" title="nose"/>
  </hotspots>
  <media/>
  <transition blendcolor="0x000000" zoomin="0" zoomfov="40" blendtime="1" zoomafterinfov="140" zoomoutpause="1" zoomspeed="2" type="crossdissolve" delay="none" zoomout="0" softedge="0" zoomafteroutfov="40" enabled="1"/>
  <animation syncanimationwithvideo="0" useinautorotation="0" clipsrandom="0" animsequence="Animation01"/>
  <control rubberband="0" simulatemass="1" speedwheel="1" sensitivity="8" lockedkeyboard="0" contextfullscreen="1" zoomcentercursor="1" dblclickfullscreen="0" lockedmouse="0" lockedwheel="0" lockedkeyboardzoom="0" hideabout="0" invertcontrol="1" invertwheel="0" contextvr="1" contextprojections="0"/>
  <projectuserdata copyright="" author="" comment="" title="" tags="" description=""/>
</panorama>
